date,bitcoin,BTC,bitcoinyear,BTCyear,adj,gtrends
2014-12-31,54,25,,,,
2015-01-01,49,20,,,,
2015-01-02,52,23,,,,
2015-01-03,55,26,,,,
2015-01-04,65,24,2.0,1.0,0.03076923076923077,2.0
2015-01-05,64,26,,,0.03076923076923077,1.9692307692307693
2015-01-06,76,27,,,0.03076923076923077,2.3384615384615386
2015-01-07,59,24,,,0.03076923076923077,1.8153846153846156
2015-01-08,55,28,,,0.03076923076923077,1.6923076923076925
2015-01-09,59,23,,,0.03076923076923077,1.8153846153846156
2015-01-10,56,19,,,0.03076923076923077,1.7230769230769232
2015-01-11,50,20,3.0,1.0,0.06,3.0
2015-01-12,50,20,,,0.06,3.0
2015-01-13,66,24,,,0.06,3.96
2015-01-14,100,31,,,0.06,6.0
2015-01-15,86,26,,,0.06,5.16
2015-01-16,80,24,,,0.06,4.8
2015-01-17,61,24,,,0.06,3.6599999999999997
2015-01-18,55,23,2.0,1.0,0.03636363636363636,2.0
2015-01-19,53,26,,,0.03636363636363636,1.9272727272727272
2015-01-20,54,22,,,0.03636363636363636,1.9636363636363636
2015-01-21,63,34,,,0.03636363636363636,2.290909090909091
2015-01-22,60,32,,,0.03636363636363636,2.1818181818181817
2015-01-23,54,25,,,0.03636363636363636,1.9636363636363636
2015-01-24,54,25,,,0.03636363636363636,1.9636363636363636
2015-01-25,52,19,2.0,1.0,0.038461538461538464,2.0
2015-01-26,77,26,,,0.038461538461538464,2.9615384615384617
2015-01-27,67,25,,,0.038461538461538464,2.576923076923077
2015-01-28,63,27,,,0.038461538461538464,2.4230769230769234
2015-01-29,60,27,,,0.038461538461538464,2.307692307692308
2015-01-30,54,23,,,0.038461538461538464,2.076923076923077
2015-01-31,47,22,,,0.038461538461538464,1.8076923076923077
2015-01-31,58,28,,,0.038461538461538464,2.230769230769231
2015-02-01,70,28,2.0,1.0,0.02857142857142857,2.0
2015-02-02,61,26,,,0.02857142857142857,1.7428571428571429
2015-02-03,66,30,,,0.02857142857142857,1.8857142857142857
2015-02-04,67,28,,,0.02857142857142857,1.9142857142857141
2015-02-05,75,29,,,0.02857142857142857,2.142857142857143
2015-02-06,69,30,,,0.02857142857142857,1.9714285714285713
2015-02-07,79,23,,,0.02857142857142857,2.257142857142857
2015-02-08,77,27,2.0,1.0,0.025974025974025976,2.0
2015-02-09,73,26,,,0.025974025974025976,1.8961038961038963
2015-02-10,72,23,,,0.025974025974025976,1.8701298701298703
2015-02-11,71,24,,,0.025974025974025976,1.8441558441558443
2015-02-12,62,26,,,0.025974025974025976,1.6103896103896105
2015-02-13,64,30,,,0.025974025974025976,1.6623376623376624
2015-02-14,63,26,,,0.025974025974025976,1.6363636363636365
2015-02-15,66,26,2.0,1.0,0.030303030303030304,2.0
2015-02-16,68,27,,,0.030303030303030304,2.0606060606060606
2015-02-17,67,28,,,0.030303030303030304,2.0303030303030303
2015-02-18,73,31,,,0.030303030303030304,2.2121212121212124
2015-02-19,74,30,,,0.030303030303030304,2.2424242424242427
2015-02-20,100,29,,,0.030303030303030304,3.0303030303030303
2015-02-21,67,25,,,0.030303030303030304,2.0303030303030303
2015-02-22,63,26,2.0,1.0,0.031746031746031744,2.0
2015-02-23,61,26,,,0.031746031746031744,1.9365079365079363
2015-02-24,60,25,,,0.031746031746031744,1.9047619047619047
2015-02-25,57,25,,,0.031746031746031744,1.8095238095238093
2015-02-26,59,25,,,0.031746031746031744,1.873015873015873
2015-02-27,61,25,,,0.031746031746031744,1.9365079365079363
2015-02-28,61,26,,,0.031746031746031744,1.9365079365079363
2015-02-28,74,29,,,0.031746031746031744,2.349206349206349
2015-03-01,76,25,2.0,1.0,0.02631578947368421,2.0
2015-03-02,78,31,,,0.02631578947368421,2.052631578947368
2015-03-03,82,33,,,0.02631578947368421,2.1578947368421053
2015-03-04,75,29,,,0.02631578947368421,1.9736842105263157
2015-03-05,88,28,,,0.02631578947368421,2.3157894736842106
2015-03-06,89,28,,,0.02631578947368421,2.3421052631578947
2015-03-07,100,27,,,0.02631578947368421,2.631578947368421
2015-03-08,87,28,2.0,1.0,0.022988505747126436,2.0
2015-03-09,93,34,,,0.022988505747126436,2.1379310344827585
2015-03-10,86,34,,,0.022988505747126436,1.9770114942528736
2015-03-11,91,29,,,0.022988505747126436,2.0919540229885056
2015-03-12,87,31,,,0.022988505747126436,2.0
2015-03-13,89,36,,,0.022988505747126436,2.045977011494253
2015-03-14,72,39,,,0.022988505747126436,1.6551724137931034
2015-03-15,83,46,2.0,1.0,0.024096385542168676,2.0
2015-03-16,77,55,,,0.024096385542168676,1.8554216867469882
2015-03-17,80,47,,,0.024096385542168676,1.927710843373494
2015-03-18,85,41,,,0.024096385542168676,2.0481927710843375
2015-03-19,83,34,,,0.024096385542168676,2.0
2015-03-20,73,33,,,0.024096385542168676,1.7590361445783134
2015-03-21,76,32,,,0.024096385542168676,1.8313253012048194
2015-03-22,70,28,2.0,1.0,0.02857142857142857,2.0
2015-03-23,78,34,,,0.02857142857142857,2.2285714285714286
2015-03-24,71,31,,,0.02857142857142857,2.0285714285714285
2015-03-25,81,31,,,0.02857142857142857,2.314285714285714
2015-03-26,74,28,,,0.02857142857142857,2.1142857142857143
2015-03-27,66,29,,,0.02857142857142857,1.8857142857142857
2015-03-28,64,25,,,0.02857142857142857,1.8285714285714285
2015-03-29,67,24,2.0,1.0,0.029850746268656716,2.0
2015-03-30,75,31,,,0.029850746268656716,2.2388059701492535
2015-03-31,73,29,,,0.029850746268656716,2.1791044776119404
2015-03-31,92,35,,,0.029850746268656716,2.746268656716418
2015-04-01,97,39,,,0.029850746268656716,2.8955223880597014
2015-04-02,86,38,,,0.029850746268656716,2.5671641791044775
2015-04-03,96,35,,,0.029850746268656716,2.8656716417910446
2015-04-04,81,31,,,0.029850746268656716,2.417910447761194
2015-04-05,84,33,2.0,1.0,0.023809523809523808,2.0
2015-04-06,87,34,,,0.023809523809523808,2.071428571428571
2015-04-07,87,33,,,0.023809523809523808,2.071428571428571
2015-04-08,92,37,,,0.023809523809523808,2.1904761904761902
2015-04-09,94,37,,,0.023809523809523808,2.238095238095238
2015-04-10,83,38,,,0.023809523809523808,1.976190476190476
2015-04-11,80,44,,,0.023809523809523808,1.9047619047619047
2015-04-12,79,35,2.0,1.0,0.02531645569620253,2.0
2015-04-13,85,39,,,0.02531645569620253,2.151898734177215
2015-04-14,100,33,,,0.02531645569620253,2.5316455696202533
2015-04-15,84,31,,,0.02531645569620253,2.1265822784810124
2015-04-16,86,36,,,0.02531645569620253,2.1772151898734178
2015-04-17,83,30,,,0.02531645569620253,2.1012658227848102
2015-04-18,84,26,,,0.02531645569620253,2.1265822784810124
2015-04-19,71,24,2.0,1.0,0.028169014084507043,2.0
2015-04-20,85,35,,,0.028169014084507043,2.3943661971830985
2015-04-21,91,30,,,0.028169014084507043,2.563380281690141
2015-04-22,90,33,,,0.028169014084507043,2.535211267605634
2015-04-23,87,30,,,0.028169014084507043,2.4507042253521125
2015-04-24,81,32,,,0.028169014084507043,2.2816901408450705
2015-04-25,73,27,,,0.028169014084507043,2.056338028169014
2015-04-26,76,35,2.0,1.0,0.02631578947368421,2.0
2015-04-27,79,32,,,0.02631578947368421,2.0789473684210527
2015-04-28,82,34,,,0.02631578947368421,2.1578947368421053
2015-04-29,81,32,,,0.02631578947368421,2.131578947368421
2015-04-30,92,32,,,0.02631578947368421,2.4210526315789473
2015-04-30,88,33,,,0.02631578947368421,2.3157894736842106
2015-05-01,78,33,,,0.02631578947368421,2.052631578947368
2015-05-02,66,30,,,0.02631578947368421,1.7368421052631577
2015-05-03,76,30,2.0,1.0,0.02631578947368421,2.0
2015-05-04,79,30,,,0.02631578947368421,2.0789473684210527
2015-05-05,79,34,,,0.02631578947368421,2.0789473684210527
2015-05-06,78,33,,,0.02631578947368421,2.052631578947368
2015-05-07,81,34,,,0.02631578947368421,2.131578947368421
2015-05-08,75,33,,,0.02631578947368421,1.9736842105263157
2015-05-09,65,35,,,0.02631578947368421,1.7105263157894737
2015-05-10,74,29,2.0,1.0,0.02702702702702703,2.0
2015-05-11,77,36,,,0.02702702702702703,2.081081081081081
2015-05-12,82,33,,,0.02702702702702703,2.2162162162162162
2015-05-13,80,33,,,0.02702702702702703,2.1621621621621623
2015-05-14,94,32,,,0.02702702702702703,2.540540540540541
2015-05-15,84,36,,,0.02702702702702703,2.27027027027027
2015-05-16,83,31,,,0.02702702702702703,2.2432432432432434
2015-05-17,76,30,2.0,1.0,0.02631578947368421,2.0
2015-05-18,82,33,,,0.02631578947368421,2.1578947368421053
2015-05-19,90,33,,,0.02631578947368421,2.3684210526315788
2015-05-20,89,34,,,0.02631578947368421,2.3421052631578947
2015-05-21,85,33,,,0.02631578947368421,2.236842105263158
2015-05-22,84,38,,,0.02631578947368421,2.2105263157894735
2015-05-23,75,32,,,0.02631578947368421,1.9736842105263157
2015-05-24,84,31,2.0,1.0,0.023809523809523808,2.0
2015-05-25,84,33,,,0.023809523809523808,2.0
2015-05-26,81,35,,,0.023809523809523808,1.9285714285714284
2015-05-27,85,31,,,0.023809523809523808,2.0238095238095237
2015-05-28,77,34,,,0.023809523809523808,1.8333333333333333
2015-05-29,84,33,,,0.023809523809523808,2.0
2015-05-30,100,30,,,0.023809523809523808,2.380952380952381
2015-05-31,92,31,2.0,1.0,0.021739130434782608,2.0
2015-05-31,55,18,2.0,1.0,0.03636363636363636,2.0
2015-06-01,48,21,,,0.03636363636363636,1.7454545454545454
2015-06-02,53,25,,,0.03636363636363636,1.9272727272727272
2015-06-03,52,19,,,0.03636363636363636,1.8909090909090909
2015-06-04,52,22,,,0.03636363636363636,1.8909090909090909
2015-06-05,48,20,,,0.03636363636363636,1.7454545454545454
2015-06-06,46,18,,,0.03636363636363636,1.6727272727272726
2015-06-07,49,15,2.0,1.0,0.04081632653061224,1.9999999999999998
2015-06-08,42,21,,,0.04081632653061224,1.7142857142857142
2015-06-09,51,22,,,0.04081632653061224,2.081632653061224
2015-06-10,49,19,,,0.04081632653061224,1.9999999999999998
2015-06-11,44,24,,,0.04081632653061224,1.7959183673469385
2015-06-12,47,24,,,0.04081632653061224,1.9183673469387754
2015-06-13,48,20,,,0.04081632653061224,1.9591836734693877
2015-06-14,47,18,2.0,1.0,0.0425531914893617,2.0
2015-06-15,47,20,,,0.0425531914893617,2.0
2015-06-16,55,23,,,0.0425531914893617,2.3404255319148937
2015-06-17,60,23,,,0.0425531914893617,2.5531914893617023
2015-06-18,100,21,,,0.0425531914893617,4.25531914893617
2015-06-19,58,24,,,0.0425531914893617,2.4680851063829787
2015-06-20,60,22,,,0.0425531914893617,2.5531914893617023
2015-06-21,51,19,2.0,1.0,0.0392156862745098,2.0
2015-06-22,57,20,,,0.0392156862745098,2.235294117647059
2015-06-23,50,22,,,0.0392156862745098,1.9607843137254901
2015-06-24,46,22,,,0.0392156862745098,1.803921568627451
2015-06-25,56,23,,,0.0392156862745098,2.196078431372549
2015-06-26,42,22,,,0.0392156862745098,1.6470588235294117
2015-06-27,52,22,,,0.0392156862745098,2.0392156862745097
2015-06-28,51,23,2.0,1.0,0.0392156862745098,2.0
2015-06-29,61,23,,,0.0392156862745098,2.392156862745098
2015-06-30,75,26,,,0.0392156862745098,2.941176470588235
2015-06-30,98,36,,,0.0392156862745098,3.843137254901961
2015-07-01,89,34,,,0.0392156862745098,3.4901960784313726
2015-07-02,79,31,,,0.0392156862745098,3.0980392156862746
2015-07-03,81,34,,,0.0392156862745098,3.176470588235294
2015-07-04,80,31,,,0.0392156862745098,3.1372549019607843
2015-07-05,90,32,2.0,1.0,0.022222222222222223,2.0
2015-07-06,96,39,,,0.022222222222222223,2.1333333333333333
2015-07-07,84,35,,,0.022222222222222223,1.8666666666666667
2015-07-08,86,58,,,0.022222222222222223,1.9111111111111112
2015-07-09,87,57,,,0.022222222222222223,1.9333333333333333
2015-07-10,85,67,,,0.022222222222222223,1.888888888888889
2015-07-11,94,61,,,0.022222222222222223,2.088888888888889
2015-07-12,100,55,2.0,1.0,0.02,2.0
2015-07-13,88,52,,,0.02,1.76
2015-07-14,87,45,,,0.02,1.74
2015-07-15,83,41,,,0.02,1.6600000000000001
2015-07-16,82,53,,,0.02,1.6400000000000001
2015-07-17,77,44,,,0.02,1.54
2015-07-18,73,42,,,0.02,1.46
2015-07-19,77,36,2.0,1.0,0.025974025974025976,2.0
2015-07-20,79,42,,,0.025974025974025976,2.051948051948052
2015-07-21,75,36,,,0.025974025974025976,1.9480519480519483
2015-07-22,73,36,,,0.025974025974025976,1.8961038961038963
2015-07-23,71,38,,,0.025974025974025976,1.8441558441558443
2015-07-24,72,40,,,0.025974025974025976,1.8701298701298703
2015-07-25,74,37,,,0.025974025974025976,1.9220779220779223
2015-07-26,81,37,2.0,1.0,0.024691358024691357,2.0
2015-07-27,82,44,,,0.024691358024691357,2.0246913580246915
2015-07-28,78,65,,,0.024691358024691357,1.9259259259259258
2015-07-29,76,57,,,0.024691358024691357,1.876543209876543
2015-07-30,64,56,,,0.024691358024691357,1.5802469135802468
2015-07-31,66,54,,,0.024691358024691357,1.6296296296296295
2015-07-31,60,46,,,0.024691358024691357,1.4814814814814814
2015-08-01,100,45,,,0.024691358024691357,2.4691358024691357
2015-08-02,83,41,2.0,1.0,0.024096385542168676,2.0
2015-08-03,64,41,,,0.024096385542168676,1.5421686746987953
2015-08-04,68,45,,,0.024096385542168676,1.63855421686747
2015-08-05,64,43,,,0.024096385542168676,1.5421686746987953
2015-08-06,62,41,,,0.024096385542168676,1.493975903614458
2015-08-07,60,42,,,0.024096385542168676,1.4457831325301205
2015-08-08,58,48,,,0.024096385542168676,1.3975903614457832
2015-08-09,58,38,2.0,1.0,0.034482758620689655,2.0
2015-08-10,64,42,,,0.034482758620689655,2.206896551724138
2015-08-11,59,47,,,0.034482758620689655,2.0344827586206895
2015-08-12,63,56,,,0.034482758620689655,2.1724137931034484
2015-08-13,63,37,,,0.034482758620689655,2.1724137931034484
2015-08-14,61,38,,,0.034482758620689655,2.103448275862069
2015-08-15,58,29,,,0.034482758620689655,2.0
2015-08-16,63,29,2.0,1.0,0.031746031746031744,2.0
2015-08-17,60,31,,,0.031746031746031744,1.9047619047619047
2015-08-18,73,33,,,0.031746031746031744,2.317460317460317
2015-08-19,86,34,,,0.031746031746031744,2.7301587301587302
2015-08-20,80,31,,,0.031746031746031744,2.5396825396825395
2015-08-21,73,31,,,0.031746031746031744,2.317460317460317
2015-08-22,63,30,,,0.031746031746031744,2.0
2015-08-23,72,28,2.0,1.0,0.027777777777777776,2.0
2015-08-24,83,34,,,0.027777777777777776,2.3055555555555554
2015-08-25,81,30,,,0.027777777777777776,2.25
2015-08-26,70,27,,,0.027777777777777776,1.9444444444444444
2015-08-27,63,26,,,0.027777777777777776,1.75
2015-08-28,62,23,,,0.027777777777777776,1.722222222222222
2015-08-29,68,22,,,0.027777777777777776,1.8888888888888888
2015-08-30,64,26,2.0,1.0,0.03125,2.0
2015-08-31,61,29,,,0.03125,1.90625
2015-08-31,48,22,,,0.03125,1.5
2015-09-01,52,28,,,0.03125,1.625
2015-09-02,53,46,,,0.03125,1.65625
2015-09-03,47,39,,,0.03125,1.46875
2015-09-04,50,32,,,0.03125,1.5625
2015-09-05,49,38,,,0.03125,1.53125
2015-09-06,50,43,2.0,3.0,0.04,2.0
2015-09-07,52,100,,,0.04,2.08
2015-09-08,52,91,,,0.04,2.08
2015-09-09,52,93,,,0.04,2.08
2015-09-10,52,65,,,0.04,2.08
2015-09-11,48,45,,,0.04,1.92
2015-09-12,47,35,,,0.04,1.8800000000000001
2015-09-13,47,28,2.0,2.0,0.0425531914893617,2.0
2015-09-14,49,32,,,0.0425531914893617,2.0851063829787235
2015-09-15,50,31,,,0.0425531914893617,2.127659574468085
2015-09-16,53,44,,,0.0425531914893617,2.25531914893617
2015-09-17,56,48,,,0.0425531914893617,2.382978723404255
2015-09-18,58,45,,,0.0425531914893617,2.4680851063829787
2015-09-19,51,42,,,0.0425531914893617,2.1702127659574466
2015-09-20,47,41,2.0,2.0,0.0425531914893617,2.0
2015-09-21,54,57,,,0.0425531914893617,2.2978723404255317
2015-09-22,53,63,,,0.0425531914893617,2.25531914893617
2015-09-23,53,52,,,0.0425531914893617,2.25531914893617
2015-09-24,50,44,,,0.0425531914893617,2.127659574468085
2015-09-25,50,42,,,0.0425531914893617,2.127659574468085
2015-09-26,51,41,,,0.0425531914893617,2.1702127659574466
2015-09-27,47,36,2.0,1.0,0.0425531914893617,2.0
2015-09-28,49,33,,,0.0425531914893617,2.0851063829787235
2015-09-29,49,37,,,0.0425531914893617,2.0851063829787235
2015-09-30,49,38,,,0.0425531914893617,2.0851063829787235
2015-09-30,68,44,,,0.0425531914893617,2.8936170212765955
2015-10-01,62,42,,,0.0425531914893617,2.6382978723404253
2015-10-02,62,52,,,0.0425531914893617,2.6382978723404253
2015-10-03,57,52,,,0.0425531914893617,2.4255319148936167
2015-10-04,59,45,2.0,1.0,0.03389830508474576,2.0
2015-10-05,65,41,,,0.03389830508474576,2.2033898305084745
2015-10-06,74,46,,,0.03389830508474576,2.5084745762711864
2015-10-07,71,43,,,0.03389830508474576,2.406779661016949
2015-10-08,69,41,,,0.03389830508474576,2.3389830508474576
2015-10-09,63,39,,,0.03389830508474576,2.135593220338983
2015-10-10,64,36,,,0.03389830508474576,2.169491525423729
2015-10-11,63,36,2.0,1.0,0.031746031746031744,2.0
2015-10-12,63,40,,,0.031746031746031744,2.0
2015-10-13,64,41,,,0.031746031746031744,2.0317460317460316
2015-10-14,67,41,,,0.031746031746031744,2.126984126984127
2015-10-15,64,39,,,0.031746031746031744,2.0317460317460316
2015-10-16,69,39,,,0.031746031746031744,2.1904761904761902
2015-10-17,69,37,,,0.031746031746031744,2.1904761904761902
2015-10-18,72,35,2.0,1.0,0.027777777777777776,2.0
2015-10-19,69,34,,,0.027777777777777776,1.9166666666666665
2015-10-20,78,35,,,0.027777777777777776,2.1666666666666665
2015-10-21,75,33,,,0.027777777777777776,2.083333333333333
2015-10-22,78,33,,,0.027777777777777776,2.1666666666666665
2015-10-23,73,37,,,0.027777777777777776,2.0277777777777777
2015-10-24,73,35,,,0.027777777777777776,2.0277777777777777
2015-10-25,77,37,2.0,1.0,0.025974025974025976,2.0
2015-10-26,79,35,,,0.025974025974025976,2.051948051948052
2015-10-27,82,41,,,0.025974025974025976,2.12987012987013
2015-10-28,78,36,,,0.025974025974025976,2.025974025974026
2015-10-29,96,47,,,0.025974025974025976,2.4935064935064934
2015-10-30,100,61,,,0.025974025974025976,2.5974025974025974
2015-10-31,86,58,,,0.025974025974025976,2.233766233766234
2015-10-31,45,27,,,0.025974025974025976,1.168831168831169
2015-11-01,49,22,4.0,1.0,0.08163265306122448,3.9999999999999996
2015-11-02,53,24,,,0.08163265306122448,4.326530612244897
2015-11-03,77,27,,,0.08163265306122448,6.285714285714286
2015-11-04,100,31,,,0.08163265306122448,8.16326530612245
2015-11-05,88,25,,,0.08163265306122448,7.183673469387754
2015-11-06,64,22,,,0.08163265306122448,5.224489795918367
2015-11-07,54,18,,,0.08163265306122448,4.408163265306122
2015-11-08,49,16,3.0,1.0,0.061224489795918366,3.0
2015-11-09,55,18,,,0.061224489795918366,3.36734693877551
2015-11-10,53,17,,,0.061224489795918366,3.2448979591836733
2015-11-11,54,17,,,0.061224489795918366,3.306122448979592
2015-11-12,47,19,,,0.061224489795918366,2.877551020408163
2015-11-13,45,16,,,0.061224489795918366,2.7551020408163263
2015-11-14,40,16,,,0.061224489795918366,2.4489795918367347
2015-11-15,40,16,3.0,1.0,0.075,3.0
2015-11-16,43,17,,,0.075,3.225
2015-11-17,42,17,,,0.075,3.15
2015-11-18,46,16,,,0.075,3.4499999999999997
2015-11-19,47,15,,,0.075,3.525
2015-11-20,46,18,,,0.075,3.4499999999999997
2015-11-21,42,15,,,0.075,3.15
2015-11-22,42,14,2.0,1.0,0.047619047619047616,2.0
2015-11-23,43,16,,,0.047619047619047616,2.0476190476190474
2015-11-24,45,15,,,0.047619047619047616,2.142857142857143
2015-11-25,41,17,,,0.047619047619047616,1.9523809523809523
2015-11-26,43,16,,,0.047619047619047616,2.0476190476190474
2015-11-27,40,17,,,0.047619047619047616,1.9047619047619047
2015-11-28,42,16,,,0.047619047619047616,2.0
2015-11-29,40,17,2.0,1.0,0.05,2.0
2015-11-30,48,17,,,0.05,2.4000000000000004
2015-11-30,39,15,,,0.05,1.9500000000000002
2015-12-01,40,15,,,0.05,2.0
2015-12-02,36,13,,,0.05,1.8
2015-12-03,34,14,,,0.05,1.7000000000000002
2015-12-04,35,13,,,0.05,1.75
2015-12-05,33,13,,,0.05,1.6500000000000001
2015-12-06,37,12,4.0,1.0,0.10810810810810811,4.0
2015-12-07,40,13,,,0.10810810810810811,4.324324324324325
2015-12-08,47,15,,,0.10810810810810811,5.081081081081082
2015-12-09,100,16,,,0.10810810810810811,10.81081081081081
2015-12-10,65,15,,,0.10810810810810811,7.027027027027027
2015-12-11,53,16,,,0.10810810810810811,5.72972972972973
2015-12-12,49,16,,,0.10810810810810811,5.297297297297297
2015-12-13,44,14,3.0,1.0,0.06818181818181818,3.0
2015-12-14,47,15,,,0.06818181818181818,3.204545454545454
2015-12-15,48,15,,,0.06818181818181818,3.2727272727272725
2015-12-16,46,16,,,0.06818181818181818,3.1363636363636362
2015-12-17,40,13,,,0.06818181818181818,2.727272727272727
2015-12-18,42,16,,,0.06818181818181818,2.8636363636363633
2015-12-19,40,15,,,0.06818181818181818,2.727272727272727
2015-12-20,39,14,3.0,1.0,0.07692307692307693,3.0
2015-12-21,38,14,,,0.07692307692307693,2.9230769230769234
2015-12-22,39,16,,,0.07692307692307693,3.0
2015-12-23,43,14,,,0.07692307692307693,3.307692307692308
2015-12-24,38,15,,,0.07692307692307693,2.9230769230769234
2015-12-25,38,16,,,0.07692307692307693,2.9230769230769234
2015-12-26,36,15,,,0.07692307692307693,2.769230769230769
2015-12-27,37,15,2.0,1.0,0.05405405405405406,2.0
2015-12-28,41,15,,,0.05405405405405406,2.2162162162162162
2015-12-29,39,16,,,0.05405405405405406,2.1081081081081083
2015-12-30,36,15,,,0.05405405405405406,1.945945945945946
2015-12-31,35,14,,,0.05405405405405406,1.891891891891892
2015-12-31,61,25,,,0.05405405405405406,3.2972972972972974
2016-01-01,61,20,,,0.05405405405405406,3.2972972972972974
2016-01-02,63,23,,,0.05405405405405406,3.4054054054054057
2016-01-03,62,21,3.0,1.0,0.04838709677419355,3.0
2016-01-04,66,26,,,0.04838709677419355,3.193548387096774
2016-01-05,67,27,,,0.04838709677419355,3.2419354838709675
2016-01-06,68,30,,,0.04838709677419355,3.290322580645161
2016-01-07,75,29,,,0.04838709677419355,3.629032258064516
2016-01-08,73,28,,,0.04838709677419355,3.532258064516129
2016-01-09,65,23,,,0.04838709677419355,3.1451612903225805
2016-01-10,64,22,3.0,1.0,0.046875,3.0
2016-01-11,68,23,,,0.046875,3.1875
2016-01-12,68,28,,,0.046875,3.1875
2016-01-13,74,23,,,0.046875,3.46875
2016-01-14,70,23,,,0.046875,3.28125
2016-01-15,100,27,,,0.046875,4.6875
2016-01-16,97,28,,,0.046875,4.546875
2016-01-17,79,24,3.0,1.0,0.0379746835443038,3.0
2016-01-18,81,30,,,0.0379746835443038,3.0759493670886076
2016-01-19,78,25,,,0.0379746835443038,2.9620253164556964
2016-01-20,82,28,,,0.0379746835443038,3.1139240506329116
2016-01-21,74,23,,,0.0379746835443038,2.810126582278481
2016-01-22,73,27,,,0.0379746835443038,2.7721518987341773
2016-01-23,68,24,,,0.0379746835443038,2.5822784810126582
2016-01-24,61,24,2.0,1.0,0.03278688524590164,2.0
2016-01-25,64,23,,,0.03278688524590164,2.098360655737705
2016-01-26,67,26,,,0.03278688524590164,2.19672131147541
2016-01-27,63,22,,,0.03278688524590164,2.0655737704918034
2016-01-28,70,24,,,0.03278688524590164,2.295081967213115
2016-01-29,66,24,,,0.03278688524590164,2.1639344262295084
2016-01-30,58,22,,,0.03278688524590164,1.9016393442622952
2016-01-31,63,19,2.0,1.0,0.031746031746031744,2.0
2016-01-31,73,21,2.0,1.0,0.0273972602739726,2.0
2016-02-01,71,25,,,0.0273972602739726,1.9452054794520546
2016-02-02,74,26,,,0.0273972602739726,2.0273972602739727
2016-02-03,75,27,,,0.0273972602739726,2.054794520547945
2016-02-04,78,28,,,0.0273972602739726,2.1369863013698627
2016-02-05,69,27,,,0.0273972602739726,1.8904109589041096
2016-02-06,72,27,,,0.0273972602739726,1.9726027397260273
2016-02-07,73,23,2.0,1.0,0.0273972602739726,2.0
2016-02-08,72,25,,,0.0273972602739726,1.9726027397260273
2016-02-09,79,33,,,0.0273972602739726,2.1643835616438354
2016-02-10,79,29,,,0.0273972602739726,2.1643835616438354
2016-02-11,77,29,,,0.0273972602739726,2.1095890410958904
2016-02-12,78,26,,,0.0273972602739726,2.1369863013698627
2016-02-13,73,23,,,0.0273972602739726,2.0
2016-02-14,76,25,3.0,1.0,0.039473684210526314,3.0
2016-02-15,82,29,,,0.039473684210526314,3.2368421052631575
2016-02-16,81,30,,,0.039473684210526314,3.1973684210526314
2016-02-17,88,28,,,0.039473684210526314,3.4736842105263155
2016-02-18,100,28,,,0.039473684210526314,3.9473684210526314
2016-02-19,80,30,,,0.039473684210526314,3.1578947368421053
2016-02-20,84,30,,,0.039473684210526314,3.31578947368421
2016-02-21,82,30,2.0,1.0,0.024390243902439025,2.0
2016-02-22,89,29,,,0.024390243902439025,2.1707317073170733
2016-02-23,79,30,,,0.024390243902439025,1.926829268292683
2016-02-24,82,27,,,0.024390243902439025,2.0
2016-02-25,77,32,,,0.024390243902439025,1.878048780487805
2016-02-26,75,32,,,0.024390243902439025,1.829268292682927
2016-02-27,78,28,,,0.024390243902439025,1.902439024390244
2016-02-28,76,23,2.0,1.0,0.02631578947368421,2.0
2016-02-29,72,28,,,0.02631578947368421,1.894736842105263
2016-02-29,87,37,,,0.02631578947368421,2.289473684210526
2016-03-01,100,32,,,0.02631578947368421,2.631578947368421
2016-03-02,88,30,,,0.02631578947368421,2.3157894736842106
2016-03-03,94,34,,,0.02631578947368421,2.4736842105263155
2016-03-04,91,29,,,0.02631578947368421,2.394736842105263
2016-03-05,94,35,,,0.02631578947368421,2.4736842105263155
2016-03-06,85,31,2.0,1.0,0.023529411764705882,2.0
2016-03-07,92,34,,,0.023529411764705882,2.164705882352941
2016-03-08,94,33,,,0.023529411764705882,2.211764705882353
2016-03-09,88,31,,,0.023529411764705882,2.0705882352941174
2016-03-10,80,33,,,0.023529411764705882,1.8823529411764706
2016-03-11,81,32,,,0.023529411764705882,1.9058823529411764
2016-03-12,78,30,,,0.023529411764705882,1.8352941176470587
2016-03-13,80,31,2.0,1.0,0.025,2.0
2016-03-14,90,34,,,0.025,2.25
2016-03-15,89,34,,,0.025,2.225
2016-03-16,83,33,,,0.025,2.075
2016-03-17,80,32,,,0.025,2.0
2016-03-18,80,33,,,0.025,2.0
2016-03-19,77,30,,,0.025,1.925
2016-03-20,76,27,2.0,1.0,0.02631578947368421,2.0
2016-03-21,81,34,,,0.02631578947368421,2.131578947368421
2016-03-22,87,28,,,0.02631578947368421,2.289473684210526
2016-03-23,80,31,,,0.02631578947368421,2.1052631578947367
2016-03-24,85,29,,,0.02631578947368421,2.236842105263158
2016-03-25,79,32,,,0.02631578947368421,2.0789473684210527
2016-03-26,76,29,,,0.02631578947368421,2.0
2016-03-27,84,28,2.0,1.0,0.023809523809523808,2.0
2016-03-28,86,36,,,0.023809523809523808,2.0476190476190474
2016-03-29,79,39,,,0.023809523809523808,1.880952380952381
2016-03-30,86,32,,,0.023809523809523808,2.0476190476190474
2016-03-31,88,31,,,0.023809523809523808,2.095238095238095
2016-03-31,86,31,,,0.023809523809523808,2.0476190476190474
2016-04-01,75,31,,,0.023809523809523808,1.7857142857142856
2016-04-02,70,29,,,0.023809523809523808,1.6666666666666665
2016-04-03,74,27,2.0,1.0,0.02702702702702703,2.0
2016-04-04,76,31,,,0.02702702702702703,2.0540540540540544
2016-04-05,78,33,,,0.02702702702702703,2.1081081081081083
2016-04-06,78,32,,,0.02702702702702703,2.1081081081081083
2016-04-07,76,32,,,0.02702702702702703,2.0540540540540544
2016-04-08,79,31,,,0.02702702702702703,2.135135135135135
2016-04-09,77,32,,,0.02702702702702703,2.081081081081081
2016-04-10,78,30,2.0,1.0,0.02564102564102564,2.0
2016-04-11,82,31,,,0.02564102564102564,2.1025641025641026
2016-04-12,83,35,,,0.02564102564102564,2.128205128205128
2016-04-13,76,34,,,0.02564102564102564,1.9487179487179487
2016-04-14,80,42,,,0.02564102564102564,2.051282051282051
2016-04-15,76,38,,,0.02564102564102564,1.9487179487179487
2016-04-16,72,27,,,0.02564102564102564,1.846153846153846
2016-04-17,70,29,2.0,1.0,0.02857142857142857,2.0
2016-04-18,73,32,,,0.02857142857142857,2.085714285714286
2016-04-19,76,32,,,0.02857142857142857,2.1714285714285713
2016-04-20,77,34,,,0.02857142857142857,2.1999999999999997
2016-04-21,87,32,,,0.02857142857142857,2.4857142857142858
2016-04-22,90,35,,,0.02857142857142857,2.571428571428571
2016-04-23,86,33,,,0.02857142857142857,2.457142857142857
2016-04-24,85,32,3.0,1.0,0.03529411764705882,3.0
2016-04-25,88,35,,,0.03529411764705882,3.1058823529411765
2016-04-26,94,40,,,0.03529411764705882,3.317647058823529
2016-04-27,91,40,,,0.03529411764705882,3.211764705882353
2016-04-28,100,41,,,0.03529411764705882,3.5294117647058822
2016-04-29,88,33,,,0.03529411764705882,3.1058823529411765
2016-04-30,82,33,,,0.03529411764705882,2.8941176470588235
2016-04-30,32,13,,,0.03529411764705882,1.1294117647058823
2016-05-01,31,13,4.0,1.0,0.12903225806451613,4.0
2016-05-02,100,15,,,0.12903225806451613,12.903225806451612
2016-05-03,63,15,,,0.12903225806451613,8.129032258064516
2016-05-04,44,13,,,0.12903225806451613,5.67741935483871
2016-05-05,45,13,,,0.12903225806451613,5.806451612903226
2016-05-06,41,14,,,0.12903225806451613,5.290322580645161
2016-05-07,34,13,,,0.12903225806451613,4.387096774193548
2016-05-08,36,12,3.0,1.0,0.08333333333333333,3.0
2016-05-09,38,14,,,0.08333333333333333,3.1666666666666665
2016-05-10,38,13,,,0.08333333333333333,3.1666666666666665
2016-05-11,35,14,,,0.08333333333333333,2.9166666666666665
2016-05-12,33,12,,,0.08333333333333333,2.75
2016-05-13,33,14,,,0.08333333333333333,2.75
2016-05-14,31,13,,,0.08333333333333333,2.583333333333333
2016-05-15,32,11,2.0,1.0,0.0625,2.0
2016-05-16,34,13,,,0.0625,2.125
2016-05-17,32,13,,,0.0625,2.0
2016-05-18,34,13,,,0.0625,2.125
2016-05-19,33,13,,,0.0625,2.0625
2016-05-20,31,13,,,0.0625,1.9375
2016-05-21,28,12,,,0.0625,1.75
2016-05-22,32,11,3.0,1.0,0.09375,3.0
2016-05-23,33,13,,,0.09375,3.09375
2016-05-24,33,13,,,0.09375,3.09375
2016-05-25,32,14,,,0.09375,3.0
2016-05-26,33,13,,,0.09375,3.09375
2016-05-27,35,13,,,0.09375,3.28125
2016-05-28,41,16,,,0.09375,3.84375
2016-05-29,46,16,3.0,1.0,0.06521739130434782,3.0
2016-05-30,47,18,,,0.06521739130434782,3.0652173913043477
2016-05-31,46,16,,,0.06521739130434782,3.0
2016-05-31,61,21,,,0.06521739130434782,3.9782608695652173
2016-06-01,51,20,,,0.06521739130434782,3.3260869565217392
2016-06-02,45,17,,,0.06521739130434782,2.934782608695652
2016-06-03,55,21,,,0.06521739130434782,3.5869565217391304
2016-06-04,52,22,,,0.06521739130434782,3.391304347826087
2016-06-05,49,17,3.0,1.0,0.061224489795918366,3.0
2016-06-06,53,20,,,0.061224489795918366,3.2448979591836733
2016-06-07,54,19,,,0.061224489795918366,3.306122448979592
2016-06-08,49,21,,,0.061224489795918366,3.0
2016-06-09,47,18,,,0.061224489795918366,2.877551020408163
2016-06-10,47,20,,,0.061224489795918366,2.877551020408163
2016-06-11,46,18,,,0.061224489795918366,2.816326530612245
2016-06-12,67,25,4.0,2.0,0.05970149253731343,4.0
2016-06-13,83,30,,,0.05970149253731343,4.955223880597015
2016-06-14,71,29,,,0.05970149253731343,4.2388059701492535
2016-06-15,65,22,,,0.05970149253731343,3.8805970149253732
2016-06-16,76,28,,,0.05970149253731343,4.537313432835821
2016-06-17,78,32,,,0.05970149253731343,4.656716417910448
2016-06-18,70,28,,,0.05970149253731343,4.17910447761194
2016-06-19,62,27,4.0,2.0,0.06451612903225806,4.0
2016-06-20,63,29,,,0.06451612903225806,4.064516129032258
2016-06-21,70,29,,,0.06451612903225806,4.516129032258064
2016-06-22,65,28,,,0.06451612903225806,4.193548387096774
2016-06-23,66,36,,,0.06451612903225806,4.258064516129032
2016-06-24,100,47,,,0.06451612903225806,6.451612903225806
2016-06-25,65,35,,,0.06451612903225806,4.193548387096774
2016-06-26,56,30,3.0,2.0,0.05357142857142857,3.0
2016-06-27,61,35,,,0.05357142857142857,3.267857142857143
2016-06-28,58,29,,,0.05357142857142857,3.1071428571428568
2016-06-29,54,28,,,0.05357142857142857,2.892857142857143
2016-06-30,57,29,,,0.05357142857142857,3.0535714285714284
2016-06-30,80,36,,,0.05357142857142857,4.285714285714286
2016-07-01,76,39,,,0.05357142857142857,4.071428571428571
2016-07-02,72,40,,,0.05357142857142857,3.8571428571428568
2016-07-03,79,36,3.0,2.0,0.0379746835443038,3.0
2016-07-04,70,34,,,0.0379746835443038,2.6582278481012658
2016-07-05,71,36,,,0.0379746835443038,2.6962025316455698
2016-07-06,75,36,,,0.0379746835443038,2.848101265822785
2016-07-07,78,36,,,0.0379746835443038,2.9620253164556964
2016-07-08,78,38,,,0.0379746835443038,2.9620253164556964
2016-07-09,100,45,,,0.0379746835443038,3.79746835443038
2016-07-10,82,41,3.0,2.0,0.036585365853658534,3.0
2016-07-11,75,40,,,0.036585365853658534,2.74390243902439
2016-07-12,69,34,,,0.036585365853658534,2.524390243902439
2016-07-13,68,35,,,0.036585365853658534,2.4878048780487805
2016-07-14,64,35,,,0.036585365853658534,2.341463414634146
2016-07-15,61,32,,,0.036585365853658534,2.2317073170731705
2016-07-16,59,29,,,0.036585365853658534,2.1585365853658534
2016-07-17,58,24,3.0,1.0,0.05172413793103448,3.0
2016-07-18,63,28,,,0.05172413793103448,3.258620689655172
2016-07-19,64,27,,,0.05172413793103448,3.310344827586207
2016-07-20,62,28,,,0.05172413793103448,3.206896551724138
2016-07-21,56,26,,,0.05172413793103448,2.896551724137931
2016-07-22,55,25,,,0.05172413793103448,2.8448275862068964
2016-07-23,55,27,,,0.05172413793103448,2.8448275862068964
2016-07-24,55,24,3.0,1.0,0.05454545454545454,3.0
2016-07-25,57,25,,,0.05454545454545454,3.109090909090909
2016-07-26,64,27,,,0.05454545454545454,3.4909090909090907
2016-07-27,64,25,,,0.05454545454545454,3.4909090909090907
2016-07-28,61,27,,,0.05454545454545454,3.327272727272727
2016-07-29,63,26,,,0.05454545454545454,3.436363636363636
2016-07-30,57,26,,,0.05454545454545454,3.109090909090909
2016-07-31,58,26,3.0,2.0,0.05172413793103448,3.0
2016-07-31,41,20,3.0,2.0,0.07317073170731707,3.0
2016-08-01,49,27,,,0.07317073170731707,3.585365853658536
2016-08-02,61,31,,,0.07317073170731707,4.463414634146341
2016-08-03,100,36,,,0.07317073170731707,7.317073170731707
2016-08-04,68,35,,,0.07317073170731707,4.975609756097561
2016-08-05,57,30,,,0.07317073170731707,4.170731707317073
2016-08-06,48,36,,,0.07317073170731707,3.512195121951219
2016-08-07,51,32,3.0,3.0,0.058823529411764705,3.0
2016-08-08,52,56,,,0.058823529411764705,3.0588235294117645
2016-08-09,47,63,,,0.058823529411764705,2.764705882352941
2016-08-10,45,50,,,0.058823529411764705,2.6470588235294117
2016-08-11,43,48,,,0.058823529411764705,2.5294117647058822
2016-08-12,42,38,,,0.058823529411764705,2.4705882352941178
2016-08-13,43,39,,,0.058823529411764705,2.5294117647058822
2016-08-14,41,37,2.0,2.0,0.04878048780487805,2.0
2016-08-15,46,34,,,0.04878048780487805,2.2439024390243905
2016-08-16,45,32,,,0.04878048780487805,2.1951219512195124
2016-08-17,44,38,,,0.04878048780487805,2.1463414634146343
2016-08-18,46,39,,,0.04878048780487805,2.2439024390243905
2016-08-19,42,40,,,0.04878048780487805,2.048780487804878
2016-08-20,41,43,,,0.04878048780487805,2.0
2016-08-21,39,43,2.0,2.0,0.05128205128205128,2.0
2016-08-22,45,46,,,0.05128205128205128,2.3076923076923075
2016-08-23,46,48,,,0.05128205128205128,2.358974358974359
2016-08-24,41,42,,,0.05128205128205128,2.1025641025641026
2016-08-25,46,39,,,0.05128205128205128,2.358974358974359
2016-08-26,44,41,,,0.05128205128205128,2.2564102564102564
2016-08-27,46,43,,,0.05128205128205128,2.358974358974359
2016-08-28,45,37,2.0,2.0,0.044444444444444446,2.0
2016-08-29,43,32,,,0.044444444444444446,1.9111111111111112
2016-08-30,43,35,,,0.044444444444444446,1.9111111111111112
2016-08-31,43,33,,,0.044444444444444446,1.9111111111111112
2016-08-31,82,69,,,0.044444444444444446,3.6444444444444444
2016-09-01,88,73,,,0.044444444444444446,3.9111111111111114
2016-09-02,84,70,,,0.044444444444444446,3.7333333333333334
2016-09-03,85,72,,,0.044444444444444446,3.777777777777778
2016-09-04,93,65,3.0,2.0,0.03225806451612903,3.0
2016-09-05,90,70,,,0.03225806451612903,2.903225806451613
2016-09-06,90,59,,,0.03225806451612903,2.903225806451613
2016-09-07,93,65,,,0.03225806451612903,3.0
2016-09-08,100,68,,,0.03225806451612903,3.225806451612903
2016-09-09,97,62,,,0.03225806451612903,3.129032258064516
2016-09-10,91,65,,,0.03225806451612903,2.935483870967742
2016-09-11,94,63,3.0,2.0,0.031914893617021274,2.9999999999999996
2016-09-12,98,61,,,0.031914893617021274,3.127659574468085
2016-09-13,94,58,,,0.031914893617021274,2.9999999999999996
2016-09-14,87,60,,,0.031914893617021274,2.7765957446808507
2016-09-15,95,65,,,0.031914893617021274,3.031914893617021
2016-09-16,89,64,,,0.031914893617021274,2.840425531914893
2016-09-17,88,60,,,0.031914893617021274,2.808510638297872
2016-09-18,91,57,2.0,2.0,0.02197802197802198,2.0
2016-09-19,85,62,,,0.02197802197802198,1.8681318681318684
2016-09-20,91,59,,,0.02197802197802198,2.0
2016-09-21,96,59,,,0.02197802197802198,2.10989010989011
2016-09-22,88,51,,,0.02197802197802198,1.9340659340659343
2016-09-23,88,50,,,0.02197802197802198,1.9340659340659343
2016-09-24,85,48,,,0.02197802197802198,1.8681318681318684
2016-09-25,88,43,2.0,1.0,0.022727272727272728,2.0
2016-09-26,93,45,,,0.022727272727272728,2.1136363636363638
2016-09-27,86,44,,,0.022727272727272728,1.9545454545454546
2016-09-28,84,42,,,0.022727272727272728,1.9090909090909092
2016-09-29,91,39,,,0.022727272727272728,2.0681818181818183
2016-09-30,87,42,,,0.022727272727272728,1.9772727272727273
2016-09-30,62,27,,,0.022727272727272728,1.4090909090909092
2016-10-01,65,27,,,0.022727272727272728,1.4772727272727273
2016-10-02,61,26,2.0,1.0,0.03278688524590164,2.0
2016-10-03,68,28,,,0.03278688524590164,2.2295081967213117
2016-10-04,63,30,,,0.03278688524590164,2.0655737704918034
2016-10-05,66,31,,,0.03278688524590164,2.1639344262295084
2016-10-06,65,30,,,0.03278688524590164,2.1311475409836067
2016-10-07,65,33,,,0.03278688524590164,2.1311475409836067
2016-10-08,65,30,,,0.03278688524590164,2.1311475409836067
2016-10-09,65,27,3.0,1.0,0.046153846153846156,3.0
2016-10-10,68,28,,,0.046153846153846156,3.138461538461539
2016-10-11,77,29,,,0.046153846153846156,3.553846153846154
2016-10-12,74,31,,,0.046153846153846156,3.4153846153846157
2016-10-13,80,28,,,0.046153846153846156,3.6923076923076925
2016-10-14,68,27,,,0.046153846153846156,3.138461538461539
2016-10-15,66,27,,,0.046153846153846156,3.0461538461538464
2016-10-16,59,27,3.0,1.0,0.05084745762711865,3.0
2016-10-17,67,24,,,0.05084745762711865,3.4067796610169494
2016-10-18,68,28,,,0.05084745762711865,3.457627118644068
2016-10-19,65,26,,,0.05084745762711865,3.305084745762712
2016-10-20,71,29,,,0.05084745762711865,3.610169491525424
2016-10-21,58,26,,,0.05084745762711865,2.9491525423728815
2016-10-22,65,24,,,0.05084745762711865,3.305084745762712
2016-10-23,69,28,3.0,1.0,0.043478260869565216,3.0
2016-10-24,75,29,,,0.043478260869565216,3.260869565217391
2016-10-25,73,29,,,0.043478260869565216,3.1739130434782608
2016-10-26,72,26,,,0.043478260869565216,3.1304347826086953
2016-10-27,84,29,,,0.043478260869565216,3.652173913043478
2016-10-28,90,30,,,0.043478260869565216,3.9130434782608696
2016-10-29,100,36,,,0.043478260869565216,4.3478260869565215
2016-10-30,82,30,3.0,1.0,0.036585365853658534,3.0
2016-10-31,82,29,,,0.036585365853658534,3.0
2016-10-31,71,26,,,0.036585365853658534,2.5975609756097557
2016-11-01,76,27,,,0.036585365853658534,2.7804878048780486
2016-11-02,74,31,,,0.036585365853658534,2.7073170731707314
2016-11-03,81,32,,,0.036585365853658534,2.9634146341463414
2016-11-04,70,29,,,0.036585365853658534,2.5609756097560976
2016-11-05,74,25,,,0.036585365853658534,2.7073170731707314
2016-11-06,68,25,3.0,1.0,0.04411764705882353,3.0
2016-11-07,69,28,,,0.04411764705882353,3.044117647058824
2016-11-08,65,26,,,0.04411764705882353,2.8676470588235294
2016-11-09,100,35,,,0.04411764705882353,4.411764705882353
2016-11-10,75,26,,,0.04411764705882353,3.308823529411765
2016-11-11,71,26,,,0.04411764705882353,3.132352941176471
2016-11-12,71,24,,,0.04411764705882353,3.132352941176471
2016-11-13,73,26,3.0,1.0,0.0410958904109589,3.0
2016-11-14,71,25,,,0.0410958904109589,2.917808219178082
2016-11-15,73,27,,,0.0410958904109589,3.0
2016-11-16,74,27,,,0.0410958904109589,3.0410958904109586
2016-11-17,76,28,,,0.0410958904109589,3.1232876712328768
2016-11-18,73,30,,,0.0410958904109589,3.0
2016-11-19,72,28,,,0.0410958904109589,2.958904109589041
2016-11-20,72,24,3.0,1.0,0.041666666666666664,3.0
2016-11-21,76,24,,,0.041666666666666664,3.1666666666666665
2016-11-22,81,26,,,0.041666666666666664,3.375
2016-11-23,74,27,,,0.041666666666666664,3.083333333333333
2016-11-24,73,30,,,0.041666666666666664,3.0416666666666665
2016-11-25,69,26,,,0.041666666666666664,2.875
2016-11-26,70,25,,,0.041666666666666664,2.9166666666666665
2016-11-27,70,24,3.0,1.0,0.04285714285714286,3.0
2016-11-28,70,26,,,0.04285714285714286,3.0
2016-11-29,77,25,,,0.04285714285714286,3.3
2016-11-30,71,25,,,0.04285714285714286,3.0428571428571427
2016-11-30,57,20,,,0.04285714285714286,2.442857142857143
2016-12-01,60,23,,,0.04285714285714286,2.5714285714285716
2016-12-02,64,23,,,0.04285714285714286,2.742857142857143
2016-12-03,59,20,,,0.04285714285714286,2.5285714285714285
2016-12-04,58,20,3.0,1.0,0.05172413793103448,3.0
2016-12-05,60,23,,,0.05172413793103448,3.103448275862069
2016-12-06,61,21,,,0.05172413793103448,3.155172413793103
2016-12-07,56,21,,,0.05172413793103448,2.896551724137931
2016-12-08,64,20,,,0.05172413793103448,3.310344827586207
2016-12-09,58,19,,,0.05172413793103448,3.0
2016-12-10,56,21,,,0.05172413793103448,2.896551724137931
2016-12-11,53,20,3.0,1.0,0.05660377358490566,3.0
2016-12-12,56,21,,,0.05660377358490566,3.169811320754717
2016-12-13,58,21,,,0.05660377358490566,3.2830188679245285
2016-12-14,59,20,,,0.05660377358490566,3.339622641509434
2016-12-15,56,21,,,0.05660377358490566,3.169811320754717
2016-12-16,57,20,,,0.05660377358490566,3.2264150943396226
2016-12-17,56,23,,,0.05660377358490566,3.169811320754717
2016-12-18,56,21,4.0,1.0,0.07142857142857142,4.0
2016-12-19,58,23,,,0.07142857142857142,4.142857142857142
2016-12-20,57,23,,,0.07142857142857142,4.071428571428571
2016-12-21,71,24,,,0.07142857142857142,5.071428571428571
2016-12-22,84,30,,,0.07142857142857142,6.0
2016-12-23,98,29,,,0.07142857142857142,7.0
2016-12-24,86,30,,,0.07142857142857142,6.142857142857142
2016-12-25,75,24,5.0,2.0,0.06666666666666667,5.0
2016-12-26,74,25,,,0.06666666666666667,4.933333333333334
2016-12-27,85,31,,,0.06666666666666667,5.666666666666667
2016-12-28,100,37,,,0.06666666666666667,6.666666666666667
2016-12-29,96,33,,,0.06666666666666667,6.4
2016-12-30,87,29,,,0.06666666666666667,5.8
2016-12-31,71,23,,,0.06666666666666667,4.733333333333333
2016-12-31,43,15,,,0.06666666666666667,2.8666666666666667
2017-01-01,47,16,7.0,2.0,0.14893617021276595,7.0
2017-01-02,79,22,,,0.14893617021276595,11.76595744680851
2017-01-03,72,21,,,0.14893617021276595,10.72340425531915
2017-01-04,85,25,,,0.14893617021276595,12.659574468085106
2017-01-05,100,30,,,0.14893617021276595,14.893617021276595
2017-01-06,86,24,,,0.14893617021276595,12.808510638297872
2017-01-07,72,21,,,0.14893617021276595,10.72340425531915
2017-01-08,65,17,6.0,2.0,0.09230769230769231,6.0
2017-01-09,61,19,,,0.09230769230769231,5.630769230769231
2017-01-10,55,17,,,0.09230769230769231,5.0769230769230775
2017-01-11,67,20,,,0.09230769230769231,6.184615384615385
2017-01-12,66,20,,,0.09230769230769231,6.092307692307693
2017-01-13,58,18,,,0.09230769230769231,5.353846153846154
2017-01-14,50,16,,,0.09230769230769231,4.615384615384616
2017-01-15,48,15,4.0,2.0,0.08333333333333333,4.0
2017-01-16,49,16,,,0.08333333333333333,4.083333333333333
2017-01-17,51,17,,,0.08333333333333333,4.25
2017-01-18,51,17,,,0.08333333333333333,4.25
2017-01-19,47,16,,,0.08333333333333333,3.9166666666666665
2017-01-20,46,15,,,0.08333333333333333,3.833333333333333
2017-01-21,44,16,,,0.08333333333333333,3.6666666666666665
2017-01-22,43,13,4.0,1.0,0.09302325581395349,4.0
2017-01-23,44,16,,,0.09302325581395349,4.093023255813954
2017-01-24,47,16,,,0.09302325581395349,4.372093023255814
2017-01-25,46,15,,,0.09302325581395349,4.27906976744186
2017-01-26,45,15,,,0.09302325581395349,4.186046511627907
2017-01-27,43,15,,,0.09302325581395349,4.0
2017-01-28,42,14,,,0.09302325581395349,3.9069767441860463
2017-01-29,39,12,4.0,1.0,0.10256410256410256,4.0
2017-01-30,43,14,,,0.10256410256410256,4.41025641025641
2017-01-31,44,16,,,0.10256410256410256,4.512820512820513
2017-01-31,63,21,,,0.10256410256410256,6.461538461538462
2017-02-01,64,22,,,0.10256410256410256,6.564102564102564
2017-02-02,72,23,,,0.10256410256410256,7.384615384615384
2017-02-03,72,24,,,0.10256410256410256,7.384615384615384
2017-02-04,62,23,,,0.10256410256410256,6.358974358974359
2017-02-05,63,22,5.0,2.0,0.07936507936507936,5.0
2017-02-06,67,22,,,0.07936507936507936,5.317460317460317
2017-02-07,68,25,,,0.07936507936507936,5.396825396825396
2017-02-08,74,24,,,0.07936507936507936,5.873015873015873
2017-02-09,84,25,,,0.07936507936507936,6.666666666666666
2017-02-10,72,25,,,0.07936507936507936,5.7142857142857135
2017-02-11,68,23,,,0.07936507936507936,5.396825396825396
2017-02-12,61,18,4.0,1.0,0.06557377049180328,4.0
2017-02-13,68,19,,,0.06557377049180328,4.4590163934426235
2017-02-14,63,20,,,0.06557377049180328,4.131147540983607
2017-02-15,63,22,,,0.06557377049180328,4.131147540983607
2017-02-16,65,20,,,0.06557377049180328,4.262295081967213
2017-02-17,66,22,,,0.06557377049180328,4.327868852459017
2017-02-18,68,21,,,0.06557377049180328,4.4590163934426235
2017-02-19,60,20,5.0,2.0,0.08333333333333333,5.0
2017-02-20,66,21,,,0.08333333333333333,5.5
2017-02-21,77,24,,,0.08333333333333333,6.416666666666666
2017-02-22,73,23,,,0.08333333333333333,6.083333333333333
2017-02-23,81,25,,,0.08333333333333333,6.75
2017-02-24,100,29,,,0.08333333333333333,8.333333333333332
2017-02-25,81,23,,,0.08333333333333333,6.75
2017-02-26,69,25,6.0,2.0,0.08695652173913043,6.0
2017-02-27,77,26,,,0.08695652173913043,6.695652173913043
2017-02-28,76,24,,,0.08695652173913043,6.608695652173913
2017-02-28,54,19,,,0.08695652173913043,4.695652173913043
2017-03-01,60,20,,,0.08695652173913043,5.217391304347826
2017-03-02,70,22,,,0.08695652173913043,6.08695652173913
2017-03-03,100,26,,,0.08695652173913043,8.695652173913043
2017-03-04,75,23,,,0.08695652173913043,6.521739130434782
2017-03-05,62,19,7.0,2.0,0.11290322580645161,7.0
2017-03-06,67,21,,,0.11290322580645161,7.564516129032258
2017-03-07,71,21,,,0.11290322580645161,8.016129032258064
2017-03-08,76,19,,,0.11290322580645161,8.580645161290322
2017-03-09,69,21,,,0.11290322580645161,7.790322580645161
2017-03-10,96,24,,,0.11290322580645161,10.838709677419354
2017-03-11,82,23,,,0.11290322580645161,9.258064516129032
2017-03-12,62,17,6.0,2.0,0.0967741935483871,6.0
2017-03-13,64,20,,,0.0967741935483871,6.193548387096774
2017-03-14,60,19,,,0.0967741935483871,5.806451612903226
2017-03-15,61,19,,,0.0967741935483871,5.903225806451613
2017-03-16,61,19,,,0.0967741935483871,5.903225806451613
2017-03-17,63,28,,,0.0967741935483871,6.096774193548387
2017-03-18,73,27,,,0.0967741935483871,7.064516129032258
2017-03-19,64,21,6.0,2.0,0.09375,6.0
2017-03-20,61,21,,,0.09375,5.71875
2017-03-21,61,22,,,0.09375,5.71875
2017-03-22,64,24,,,0.09375,6.0
2017-03-23,62,21,,,0.09375,5.8125
2017-03-24,60,22,,,0.09375,5.625
2017-03-25,68,23,,,0.09375,6.375
2017-03-26,55,18,5.0,2.0,0.09090909090909091,5.0
2017-03-27,59,20,,,0.09090909090909091,5.363636363636364
2017-03-28,56,22,,,0.09090909090909091,5.090909090909091
2017-03-29,57,20,,,0.09090909090909091,5.181818181818182
2017-03-30,51,18,,,0.09090909090909091,4.636363636363637
2017-03-31,52,19,,,0.09090909090909091,4.7272727272727275
2017-03-31,80,32,,,0.09090909090909091,7.272727272727273
2017-04-01,83,33,,,0.09090909090909091,7.545454545454546
2017-04-02,82,33,5.0,2.0,0.06097560975609756,5.0
2017-04-03,88,32,,,0.06097560975609756,5.365853658536585
2017-04-04,93,32,,,0.06097560975609756,5.670731707317073
2017-04-05,85,33,,,0.06097560975609756,5.182926829268292
2017-04-06,87,34,,,0.06097560975609756,5.304878048780488
2017-04-07,85,35,,,0.06097560975609756,5.182926829268292
2017-04-08,81,31,,,0.06097560975609756,4.939024390243902
2017-04-09,86,28,5.0,2.0,0.05813953488372093,5.0
2017-04-10,90,32,,,0.05813953488372093,5.232558139534883
2017-04-11,92,34,,,0.05813953488372093,5.348837209302325
2017-04-12,91,34,,,0.05813953488372093,5.290697674418604
2017-04-13,88,34,,,0.05813953488372093,5.116279069767442
2017-04-14,81,33,,,0.05813953488372093,4.709302325581396
2017-04-15,78,31,,,0.05813953488372093,4.534883720930233
2017-04-16,83,28,5.0,2.0,0.060240963855421686,5.0
2017-04-17,87,33,,,0.060240963855421686,5.240963855421687
2017-04-18,90,31,,,0.060240963855421686,5.421686746987952
2017-04-19,89,31,,,0.060240963855421686,5.36144578313253
2017-04-20,84,30,,,0.060240963855421686,5.0602409638554215
2017-04-21,85,29,,,0.060240963855421686,5.120481927710843
2017-04-22,87,27,,,0.060240963855421686,5.240963855421687
2017-04-23,82,29,5.0,2.0,0.06097560975609756,5.0
2017-04-24,87,34,,,0.06097560975609756,5.304878048780488
2017-04-25,90,36,,,0.06097560975609756,5.48780487804878
2017-04-26,100,35,,,0.06097560975609756,6.097560975609756
2017-04-27,100,33,,,0.06097560975609756,6.097560975609756
2017-04-28,100,33,,,0.06097560975609756,6.097560975609756
2017-04-29,92,37,,,0.06097560975609756,5.609756097560975
2017-04-30,90,32,7.0,2.0,0.07777777777777778,7.0
2017-04-30,17,6,7.0,2.0,0.4117647058823529,7.0
2017-05-01,23,8,,,0.4117647058823529,9.470588235294118
2017-05-02,24,8,,,0.4117647058823529,9.882352941176471
2017-05-03,26,8,,,0.4117647058823529,10.705882352941176
2017-05-04,31,9,,,0.4117647058823529,12.76470588235294
2017-05-05,30,10,,,0.4117647058823529,12.352941176470587
2017-05-06,24,9,,,0.4117647058823529,9.882352941176471
2017-05-07,23,8,10.0,3.0,0.43478260869565216,10.0
2017-05-08,27,9,,,0.43478260869565216,11.739130434782608
2017-05-09,36,11,,,0.43478260869565216,15.652173913043478
2017-05-10,34,11,,,0.43478260869565216,14.782608695652174
2017-05-11,35,10,,,0.43478260869565216,15.217391304347826
2017-05-12,45,10,,,0.43478260869565216,19.565217391304348
2017-05-13,44,10,,,0.43478260869565216,19.130434782608695
2017-05-14,39,9,12.0,3.0,0.3076923076923077,12.0
2017-05-15,50,11,,,0.3076923076923077,15.384615384615385
2017-05-16,48,10,,,0.3076923076923077,14.76923076923077
2017-05-17,40,10,,,0.3076923076923077,12.307692307692308
2017-05-18,37,10,,,0.3076923076923077,11.384615384615385
2017-05-19,39,10,,,0.3076923076923077,12.0
2017-05-20,40,10,,,0.3076923076923077,12.307692307692308
2017-05-21,40,11,19.0,4.0,0.475,19.0
2017-05-22,63,14,,,0.475,29.924999999999997
2017-05-23,67,14,,,0.475,31.825
2017-05-24,75,16,,,0.475,35.625
2017-05-25,100,20,,,0.475,47.5
2017-05-26,76,17,,,0.475,36.1
2017-05-27,66,16,,,0.475,31.349999999999998
2017-05-28,50,13,12.0,3.0,0.24,12.0
2017-05-29,50,12,,,0.24,12.0
2017-05-30,49,12,,,0.24,11.76
2017-05-31,48,12,,,0.24,11.52
2017-05-31,82,20,,,0.24,19.68
2017-06-01,79,21,,,0.24,18.96
2017-06-02,73,20,,,0.24,17.52
2017-06-03,65,20,,,0.24,15.6
2017-06-04,65,17,12.0,4.0,0.18461538461538463,12.0
2017-06-05,73,20,,,0.18461538461538463,13.476923076923077
2017-06-06,99,26,,,0.18461538461538463,18.27692307692308
2017-06-07,88,24,,,0.18461538461538463,16.246153846153845
2017-06-08,75,22,,,0.18461538461538463,13.846153846153847
2017-06-09,76,23,,,0.18461538461538463,14.03076923076923
2017-06-10,74,24,,,0.18461538461538463,13.661538461538463
2017-06-11,73,21,13.0,4.0,0.1780821917808219,13.0
2017-06-12,94,27,,,0.1780821917808219,16.73972602739726
2017-06-13,89,25,,,0.1780821917808219,15.84931506849315
2017-06-14,84,28,,,0.1780821917808219,14.95890410958904
2017-06-15,100,32,,,0.1780821917808219,17.80821917808219
2017-06-16,81,24,,,0.1780821917808219,14.424657534246574
2017-06-17,67,24,,,0.1780821917808219,11.931506849315069
2017-06-18,66,21,11.0,3.0,0.16666666666666666,11.0
2017-06-19,68,21,,,0.16666666666666666,11.333333333333332
2017-06-20,73,24,,,0.16666666666666666,12.166666666666666
2017-06-21,75,23,,,0.16666666666666666,12.5
2017-06-22,70,21,,,0.16666666666666666,11.666666666666666
2017-06-23,70,21,,,0.16666666666666666,11.666666666666666
2017-06-24,64,20,,,0.16666666666666666,10.666666666666666
2017-06-25,65,21,11.0,3.0,0.16923076923076924,11.0
2017-06-26,78,22,,,0.16923076923076924,13.200000000000001
2017-06-27,88,25,,,0.16923076923076924,14.892307692307693
2017-06-28,85,23,,,0.16923076923076924,14.384615384615385
2017-06-29,68,20,,,0.16923076923076924,11.507692307692308
2017-06-30,60,19,,,0.16923076923076924,10.153846153846155
2017-06-30,72,21,,,0.16923076923076924,12.184615384615386
2017-07-01,65,23,,,0.16923076923076924,11.0
2017-07-02,69,24,9.0,3.0,0.13043478260869565,9.0
2017-07-03,71,23,,,0.13043478260869565,9.26086956521739
2017-07-04,70,24,,,0.13043478260869565,9.130434782608695
2017-07-05,70,22,,,0.13043478260869565,9.130434782608695
2017-07-06,70,21,,,0.13043478260869565,9.130434782608695
2017-07-07,68,20,,,0.13043478260869565,8.869565217391305
2017-07-08,65,21,,,0.13043478260869565,8.478260869565217
2017-07-09,66,18,10.0,3.0,0.15151515151515152,10.0
2017-07-10,74,21,,,0.15151515151515152,11.212121212121213
2017-07-11,87,23,,,0.15151515151515152,13.181818181818182
2017-07-12,80,22,,,0.15151515151515152,12.121212121212121
2017-07-13,76,22,,,0.15151515151515152,11.515151515151516
2017-07-14,75,21,,,0.15151515151515152,11.363636363636363
2017-07-15,86,26,,,0.15151515151515152,13.030303030303031
2017-07-16,100,26,12.0,4.0,0.12,12.0
2017-07-17,92,26,,,0.12,11.04
2017-07-18,91,28,,,0.12,10.92
2017-07-19,81,27,,,0.12,9.719999999999999
2017-07-20,95,32,,,0.12,11.4
2017-07-21,94,29,,,0.12,11.28
2017-07-22,80,27,,,0.12,9.6
2017-07-23,81,23,11.0,3.0,0.13580246913580246,11.0
2017-07-24,85,23,,,0.13580246913580246,11.543209876543209
2017-07-25,86,26,,,0.13580246913580246,11.679012345679011
2017-07-26,88,27,,,0.13580246913580246,11.950617283950617
2017-07-27,79,25,,,0.13580246913580246,10.728395061728394
2017-07-28,88,26,,,0.13580246913580246,11.950617283950617
2017-07-29,77,25,,,0.13580246913580246,10.45679012345679
2017-07-30,72,22,15.0,4.0,0.20833333333333334,15.0
2017-07-31,94,27,,,0.20833333333333334,19.583333333333336
2017-07-31,54,16,,,0.20833333333333334,11.25
2017-08-01,92,20,,,0.20833333333333334,19.166666666666668
2017-08-02,84,18,,,0.20833333333333334,17.5
2017-08-03,57,14,,,0.20833333333333334,11.875
2017-08-04,52,13,,,0.20833333333333334,10.833333333333334
2017-08-05,66,17,,,0.20833333333333334,13.75
2017-08-06,57,16,15.0,4.0,0.2631578947368421,15.0
2017-08-07,66,16,,,0.2631578947368421,17.36842105263158
2017-08-08,68,17,,,0.2631578947368421,17.894736842105264
2017-08-09,61,16,,,0.2631578947368421,16.052631578947366
2017-08-10,56,15,,,0.2631578947368421,14.736842105263158
2017-08-11,63,16,,,0.2631578947368421,16.57894736842105
2017-08-12,73,20,,,0.2631578947368421,19.210526315789473
2017-08-13,85,21,20.0,5.0,0.23529411764705882,20.0
2017-08-14,99,22,,,0.23529411764705882,23.294117647058822
2017-08-15,100,21,,,0.23529411764705882,23.52941176470588
2017-08-16,83,18,,,0.23529411764705882,19.52941176470588
2017-08-17,81,19,,,0.23529411764705882,19.058823529411764
2017-08-18,81,18,,,0.23529411764705882,19.058823529411764
2017-08-19,76,17,,,0.23529411764705882,17.88235294117647
2017-08-20,72,16,16.0,4.0,0.2222222222222222,16.0
2017-08-21,70,16,,,0.2222222222222222,15.555555555555555
2017-08-22,77,18,,,0.2222222222222222,17.11111111111111
2017-08-23,71,18,,,0.2222222222222222,15.777777777777777
2017-08-24,68,19,,,0.2222222222222222,15.11111111111111
2017-08-25,68,19,,,0.2222222222222222,15.11111111111111
2017-08-26,62,18,,,0.2222222222222222,13.777777777777777
2017-08-27,56,18,17.0,5.0,0.30357142857142855,17.0
2017-08-28,62,28,,,0.30357142857142855,18.82142857142857
2017-08-29,72,26,,,0.30357142857142855,21.857142857142854
2017-08-30,76,23,,,0.30357142857142855,23.07142857142857
2017-08-31,81,22,,,0.30357142857142855,24.58928571428571
2017-08-31,62,16,,,0.30357142857142855,18.82142857142857
2017-09-01,68,16,,,0.30357142857142855,20.642857142857142
2017-09-02,63,16,,,0.30357142857142855,19.125
2017-09-03,54,14,19.0,4.0,0.35185185185185186,19.0
2017-09-04,71,16,,,0.35185185185185186,24.98148148148148
2017-09-05,71,16,,,0.35185185185185186,24.98148148148148
2017-09-06,59,15,,,0.35185185185185186,20.75925925925926
2017-09-07,55,14,,,0.35185185185185186,19.35185185185185
2017-09-08,58,14,,,0.35185185185185186,20.40740740740741
2017-09-09,48,12,,,0.35185185185185186,16.88888888888889
2017-09-10,50,12,21.0,5.0,0.42,21.0
2017-09-11,55,14,,,0.42,23.099999999999998
2017-09-12,55,14,,,0.42,23.099999999999998
2017-09-13,73,15,,,0.42,30.66
2017-09-14,91,19,,,0.42,38.22
2017-09-15,100,22,,,0.42,42.0
2017-09-16,66,16,,,0.42,27.72
2017-09-17,55,13,16.0,4.0,0.2909090909090909,16.0
2017-09-18,62,14,,,0.2909090909090909,18.036363636363635
2017-09-19,57,12,,,0.2909090909090909,16.581818181818182
2017-09-20,51,11,,,0.2909090909090909,14.836363636363636
2017-09-21,51,11,,,0.2909090909090909,14.836363636363636
2017-09-22,49,11,,,0.2909090909090909,14.254545454545454
2017-09-23,41,10,,,0.2909090909090909,11.927272727272726
2017-09-24,39,10,13.0,3.0,0.3333333333333333,13.0
2017-09-25,44,10,,,0.3333333333333333,14.666666666666666
2017-09-26,43,11,,,0.3333333333333333,14.333333333333332
2017-09-27,46,12,,,0.3333333333333333,15.333333333333332
2017-09-28,43,12,,,0.3333333333333333,14.333333333333332
2017-09-29,43,11,,,0.3333333333333333,14.333333333333332
2017-09-30,40,10,,,0.3333333333333333,13.333333333333332
2017-09-30,39,11,,,0.3333333333333333,13.0
2017-10-01,39,10,12.0,4.0,0.3076923076923077,12.0
2017-10-02,46,12,,,0.3076923076923077,14.153846153846155
2017-10-03,46,12,,,0.3076923076923077,14.153846153846155
2017-10-04,41,13,,,0.3076923076923077,12.615384615384617
2017-10-05,42,13,,,0.3076923076923077,12.923076923076923
2017-10-06,41,11,,,0.3076923076923077,12.615384615384617
2017-10-07,37,9,,,0.3076923076923077,11.384615384615385
2017-10-08,42,11,19.0,4.0,0.4523809523809524,19.0
2017-10-09,50,12,,,0.4523809523809524,22.61904761904762
2017-10-10,51,12,,,0.4523809523809524,23.071428571428573
2017-10-11,49,12,,,0.4523809523809524,22.166666666666668
2017-10-12,83,17,,,0.4523809523809524,37.54761904761905
2017-10-13,100,21,,,0.4523809523809524,45.23809523809524
2017-10-14,69,15,,,0.4523809523809524,31.214285714285715
2017-10-15,66,14,20.0,4.0,0.30303030303030304,20.0
2017-10-16,66,14,,,0.30303030303030304,20.0
2017-10-17,61,14,,,0.30303030303030304,18.484848484848484
2017-10-18,64,13,,,0.30303030303030304,19.393939393939394
2017-10-19,60,13,,,0.30303030303030304,18.181818181818183
2017-10-20,69,14,,,0.30303030303030304,20.90909090909091
2017-10-21,79,16,,,0.30303030303030304,23.93939393939394
2017-10-22,65,14,21.0,4.0,0.3230769230769231,21.0
2017-10-23,76,16,,,0.3230769230769231,24.553846153846155
2017-10-24,82,16,,,0.3230769230769231,26.492307692307694
2017-10-25,73,14,,,0.3230769230769231,23.584615384615386
2017-10-26,71,14,,,0.3230769230769231,22.93846153846154
2017-10-27,60,14,,,0.3230769230769231,19.384615384615387
2017-10-28,54,13,,,0.3230769230769231,17.446153846153848
2017-10-29,58,12,28.0,5.0,0.4827586206896552,28.0
2017-10-30,69,14,,,0.4827586206896552,33.310344827586206
2017-10-31,80,16,,,0.4827586206896552,38.62068965517241
2017-10-31,24,5,,,0.4827586206896552,11.586206896551724
2017-11-01,30,6,,,0.4827586206896552,14.482758620689657
2017-11-02,40,8,,,0.4827586206896552,19.310344827586206
2017-11-03,36,6,,,0.4827586206896552,17.379310344827587
2017-11-04,27,5,,,0.4827586206896552,13.03448275862069
2017-11-05,28,5,29.0,6.0,1.0357142857142858,29.000000000000004
2017-11-06,29,6,,,1.0357142857142858,30.03571428571429
2017-11-07,27,5,,,1.0357142857142858,27.964285714285715
2017-11-08,29,6,,,1.0357142857142858,30.03571428571429
2017-11-09,27,5,,,1.0357142857142858,27.964285714285715
2017-11-10,33,6,,,1.0357142857142858,34.17857142857143
2017-11-11,32,6,,,1.0357142857142858,33.142857142857146
2017-11-12,40,7,31.0,6.0,0.775,31.0
2017-11-13,36,7,,,0.775,27.900000000000002
2017-11-14,28,5,,,0.775,21.7
2017-11-15,28,6,,,0.775,21.7
2017-11-16,29,6,,,0.775,22.475
2017-11-17,33,6,,,0.775,25.575
2017-11-18,25,5,,,0.775,19.375
2017-11-19,24,5,28.0,5.0,1.1666666666666667,28.0
2017-11-20,31,6,,,1.1666666666666667,36.16666666666667
2017-11-21,34,6,,,1.1666666666666667,39.66666666666667
2017-11-22,29,6,,,1.1666666666666667,33.833333333333336
2017-11-23,27,5,,,1.1666666666666667,31.500000000000004
2017-11-24,25,5,,,1.1666666666666667,29.166666666666668
2017-11-25,27,6,,,1.1666666666666667,31.500000000000004
2017-11-26,39,7,65.0,10.0,1.6666666666666667,65.0
2017-11-27,54,9,,,1.6666666666666667,90.0
2017-11-28,63,10,,,1.6666666666666667,105.0
2017-11-29,100,15,,,1.6666666666666667,166.66666666666669
2017-11-30,84,12,,,1.6666666666666667,140.0
2017-11-30,50,7,,,1.6666666666666667,83.33333333333334
2017-12-01,38,6,,,1.6666666666666667,63.333333333333336
2017-12-02,29,5,,,1.6666666666666667,48.333333333333336
2017-12-03,31,5,93.0,14.0,3.0,93.0
2017-12-04,34,6,,,3.0,102.0
2017-12-05,35,6,,,3.0,105.0
2017-12-06,47,8,,,3.0,141.0
2017-12-07,95,14,,,3.0,285.0
2017-12-08,83,12,,,3.0,249.0
2017-12-09,58,8,,,3.0,174.0
2017-12-10,54,8,87.0,13.0,1.6111111111111112,87.0
2017-12-11,63,9,,,1.6111111111111112,101.5
2017-12-12,59,9,,,1.6111111111111112,95.05555555555556
2017-12-13,53,8,,,1.6111111111111112,85.38888888888889
2017-12-14,46,8,,,1.6111111111111112,74.11111111111111
2017-12-15,43,7,,,1.6111111111111112,69.27777777777779
2017-12-16,41,7,,,1.6111111111111112,66.05555555555556
2017-12-17,48,8,100.0,16.0,2.0833333333333335,100.0
2017-12-18,47,8,,,2.0833333333333335,97.91666666666667
2017-12-19,51,9,,,2.0833333333333335,106.25000000000001
2017-12-20,68,10,,,2.0833333333333335,141.66666666666669
2017-12-21,53,9,,,2.0833333333333335,110.41666666666667
2017-12-22,100,14,,,2.0833333333333335,208.33333333333334
2017-12-23,63,10,,,2.0833333333333335,131.25
2017-12-24,46,8,64.0,12.0,1.391304347826087,64.0
2017-12-25,41,8,,,1.391304347826087,57.04347826086956
2017-12-26,40,7,,,1.391304347826087,55.65217391304348
2017-12-27,37,7,,,1.391304347826087,51.47826086956522
2017-12-28,39,7,,,1.391304347826087,54.26086956521739
2017-12-29,32,7,,,1.391304347826087,44.52173913043478
2017-12-30,32,7,,,1.391304347826087,44.52173913043478
2017-12-31,28,6,47.0,11.0,1.6785714285714286,47.0
2017-12-31,48,10,47.0,11.0,0.9791666666666666,47.0
2018-01-01,44,10,,,0.9791666666666666,43.08333333333333
2018-01-02,53,12,,,0.9791666666666666,51.89583333333333
2018-01-03,54,12,,,0.9791666666666666,52.875
2018-01-04,53,13,,,0.9791666666666666,51.89583333333333
2018-01-05,51,12,,,0.9791666666666666,49.9375
2018-01-06,44,12,,,0.9791666666666666,43.08333333333333
2018-01-07,45,11,46.0,10.0,1.0222222222222221,46.0
2018-01-08,50,11,,,1.0222222222222221,51.11111111111111
2018-01-09,49,11,,,1.0222222222222221,50.08888888888889
2018-01-10,50,11,,,1.0222222222222221,51.11111111111111
2018-01-11,56,11,,,1.0222222222222221,57.24444444444444
2018-01-12,46,10,,,1.0222222222222221,47.02222222222222
2018-01-13,40,9,,,1.0222222222222221,40.888888888888886
2018-01-14,37,8,58.0,10.0,1.5675675675675675,58.0
2018-01-15,37,8,,,1.5675675675675675,58.0
2018-01-16,75,13,,,1.5675675675675675,117.56756756756756
2018-01-17,100,16,,,1.5675675675675675,156.75675675675674
2018-01-18,71,13,,,1.5675675675675675,111.29729729729729
2018-01-19,51,9,,,1.5675675675675675,79.94594594594595
2018-01-20,41,8,,,1.5675675675675675,64.27027027027027
2018-01-21,39,8,39.0,7.0,1.0,39.0
2018-01-22,46,8,,,1.0,46.0
2018-01-23,44,8,,,1.0,44.0
2018-01-24,40,8,,,1.0,40.0
2018-01-25,38,7,,,1.0,38.0
2018-01-26,39,7,,,1.0,39.0
2018-01-27,32,7,,,1.0,32.0
2018-01-28,31,6,41.0,7.0,1.3225806451612903,41.0
2018-01-29,33,6,,,1.3225806451612903,43.64516129032258
2018-01-30,35,7,,,1.3225806451612903,46.29032258064516
2018-01-31,38,7,,,1.3225806451612903,50.25806451612903
2018-01-31,46,9,,,1.3225806451612903,60.83870967741935
2018-02-01,61,10,,,1.3225806451612903,80.6774193548387
2018-02-02,79,13,,,1.3225806451612903,104.48387096774194
2018-02-03,52,10,,,1.3225806451612903,68.77419354838709
2018-02-04,44,9,48.0,9.0,1.0909090909090908,48.0
2018-02-05,78,13,,,1.0909090909090908,85.09090909090908
2018-02-06,100,17,,,1.0909090909090908,109.09090909090908
2018-02-07,63,12,,,1.0909090909090908,68.72727272727272
2018-02-08,51,9,,,1.0909090909090908,55.63636363636363
2018-02-09,46,9,,,1.0909090909090908,50.18181818181818
2018-02-10,37,8,,,1.0909090909090908,40.36363636363636
2018-02-11,34,7,27.0,6.0,0.7941176470588235,27.0
2018-02-12,38,8,,,0.7941176470588235,30.176470588235293
2018-02-13,34,7,,,0.7941176470588235,27.0
2018-02-14,35,7,,,0.7941176470588235,27.794117647058822
2018-02-15,38,8,,,0.7941176470588235,30.176470588235293
2018-02-16,34,7,,,0.7941176470588235,27.0
2018-02-17,32,8,,,0.7941176470588235,25.41176470588235
2018-02-18,33,7,24.0,5.0,0.7272727272727273,24.0
2018-02-19,30,7,,,0.7272727272727273,21.81818181818182
2018-02-20,34,7,,,0.7272727272727273,24.727272727272727
2018-02-21,34,7,,,0.7272727272727273,24.727272727272727
2018-02-22,32,7,,,0.7272727272727273,23.272727272727273
2018-02-23,28,6,,,0.7272727272727273,20.363636363636363
2018-02-24,25,5,,,0.7272727272727273,18.181818181818183
2018-02-25,23,5,20.0,4.0,0.8695652173913043,20.0
2018-02-26,26,6,,,0.8695652173913043,22.608695652173914
2018-02-27,26,6,,,0.8695652173913043,22.608695652173914
2018-02-28,26,5,,,0.8695652173913043,22.608695652173914
2018-02-28,90,19,,,0.8695652173913043,78.26086956521739
2018-03-01,82,19,,,0.8695652173913043,71.30434782608695
2018-03-02,82,19,,,0.8695652173913043,71.30434782608695
2018-03-03,75,19,,,0.8695652173913043,65.21739130434783
2018-03-04,72,17,19.0,4.0,0.2638888888888889,19.0
2018-03-05,79,18,,,0.2638888888888889,20.84722222222222
2018-03-06,77,16,,,0.2638888888888889,20.319444444444446
2018-03-07,95,20,,,0.2638888888888889,25.069444444444446
2018-03-08,93,18,,,0.2638888888888889,24.541666666666668
2018-03-09,98,20,,,0.2638888888888889,25.86111111111111
2018-03-10,73,16,,,0.2638888888888889,19.26388888888889
2018-03-11,74,15,19.0,4.0,0.25675675675675674,19.0
2018-03-12,85,17,,,0.25675675675675674,21.824324324324323
2018-03-13,80,16,,,0.25675675675675674,20.54054054054054
2018-03-14,91,17,,,0.25675675675675674,23.364864864864863
2018-03-15,100,18,,,0.25675675675675674,25.675675675675674
2018-03-16,85,16,,,0.25675675675675674,21.824324324324323
2018-03-17,75,16,,,0.25675675675675674,19.256756756756754
2018-03-18,91,19,18.0,4.0,0.1978021978021978,18.0
2018-03-19,89,18,,,0.1978021978021978,17.604395604395602
2018-03-20,84,19,,,0.1978021978021978,16.615384615384613
2018-03-21,78,20,,,0.1978021978021978,15.428571428571427
2018-03-22,76,16,,,0.1978021978021978,15.032967032967033
2018-03-23,72,14,,,0.1978021978021978,14.241758241758241
2018-03-24,59,15,,,0.1978021978021978,11.67032967032967
2018-03-25,64,13,18.0,4.0,0.28125,18.0
2018-03-26,87,15,,,0.28125,24.46875
2018-03-27,79,15,,,0.28125,22.21875
2018-03-28,73,14,,,0.28125,20.53125
2018-03-29,85,16,,,0.28125,23.90625
2018-03-30,95,19,,,0.28125,26.71875
2018-03-31,73,16,,,0.28125,20.53125
